,depth below surface (mm),pex_x,pex_y,pex_z,mean_pex (mm),pc_x,pc_y,pc_z ,mean_pc (mm),phi_i,rho (kgm-3),ssa (mm-1),,,pex [(px+py+pz)/3] (mm),Aniso [(pex_x+pex_y)/2]/pex_z
NaN,0,NaN,NaN,NaN,NaN,NaN,NaN,NaN,NaN,NaN,,,,,,
NaN,1.28,NaN,NaN,NaN,NaN,NaN,NaN,NaN,NaN,NaN,,,,,,
'D0001424_GREY_TOP00_corr.dat',2.56,0.069251686,0.06726072,0.06525653,0.066756366,0.081370767,0.0788669,0.076723602,0.078421218,0.154622,141.788374,43.11986102,0.066756366,,0.067256312,1.045967412
'D0001424_GREY_TOP01_corr.dat',3.84,0.070958477,0.063284416,0.062612634,0.06486704,0.083706328,0.079066353,0.077630441,0.079508391,0.160368,147.057456,42.24117677,,,0.065618509,1.072011219
'D0001424_GREY_TOP02_corr.dat',5.12,0.069612218,0.064717939,0.064180413,0.065672746,0.084299655,0.080737215,0.078597423,0.080557929,0.166962,153.104154,41.36342685,,,0.06617019,1.046504307
'D0001424_GREY_TOP03_corr.dat',6.4,0.066113613,0.065523764,0.06285535,0.064337019,0.08180261,0.080103586,0.077792473,0.079372785,0.187495,171.932915,40.94627624,,,0.064830909,1.047145368
'D0001424_GREY_TOP04_corr.dat',7.68,0.066133665,0.06650246,0.064031425,0.065174744,0.080985364,0.079539892,0.077168706,0.078715667,0.181947,166.845399,41.57002193,,,0.06555585,1.035711172
'D0001424_GREY_TOP05_corr.dat',8.96,0.069440966,0.070423587,0.06876102,0.069346648,0.080171657,0.079552387,0.07694636,0.078404191,0.140136,128.504712,43.86826725,,,0.069541858,1.017033728
'D0001424_GREY_TOP06_corr.dat',10.24,0.065656185,0.067884781,0.06419645,0.065483467,0.077180199,0.07768726,0.073698377,0.075566053,0.111075,101.855775,47.05419776,,,0.065912472,1.040096189
'D0001424_GREY_TOP07_corr.dat',11.52,0.067718461,0.07185643,0.063804582,0.066796014,0.082869994,0.084437071,0.078085604,0.080869568,0.123367,113.127539,43.36034029,,,0.067793158,1.093768554
'D0001424_GREY_TOP08_corr.dat',12.8,0.070141615,0.071603091,0.059365453,0.065118903,0.085504029,0.086715702,0.077235052,0.081672459,0.129152,118.432384,42.65075457,,,0.067036719,1.193831587
'D0001424_GREY_TOP09_corr.dat',14.08,0.062383164,0.061116941,0.050019498,0.055884776,0.078156241,0.079206422,0.069738975,0.074210153,0.109032,99.982344,48.02404854,,,0.057839868,1.234519634
'D0001424_GREY_TOP10_corr.dat',15.36,0.053579224,0.055058455,0.046490513,0.050404676,0.074674851,0.076825452,0.06849151,0.072120831,0.0923431,84.6786227,50.34090102,,,0.051709397,1.168385466
'D0001424_GREY_TOP11_corr.dat',16.64,0.057425299,0.058326871,0.048425586,0.053150836,0.078156954,0.079851775,0.07120325,0.075103807,0.0966049,88.5866933,48.11447677,,,0.054725919,1.195155081
'D0001424_GREY_TOP12_corr.dat',17.92,0.058838387,0.059015758,0.050425782,0.054676427,0.07880462,0.079946777,0.070621292,0.074998495,0.099407,91.156219,48.03259034,,,0.056093309,1.168590148
'D0001424_GREY_TOP13_corr.dat',19.2,0.056735546,0.055987224,0.046525915,0.05144365,0.076767541,0.077454378,0.066993628,0.072052294,0.102103,93.628451,49.84696282,,,0.053082895,1.211397678
'D0001424_GREY_TOP14_corr.dat',20.48,0.060926774,0.061257994,0.044819427,0.052955905,0.078844941,0.079429871,0.066415363,0.072776385,0.106939,98.063063,49.08520827,,,0.055668065,1.363078206
'D0001424_GREY_TOP15_corr.dat',21.76,0.06265098,0.061921221,0.048904996,0.055595548,0.082299593,0.082019885,0.070681308,0.076420524,0.104877,96.172209,46.8524923,,,0.057825732,1.273614267
'D0001424_GREY_TOP16_corr.dat',23.04,0.059824284,0.056880516,0.049279172,0.053815786,0.082096448,0.080445585,0.071434078,0.076352547,0.109222,100.156574,46.66657664,,,0.055327991,1.184118914
'D0001424_GREY_TOP17_corr.dat',24.32,0.058612531,0.059064765,0.048736931,0.053787789,0.080039327,0.081337079,0.070701533,0.075694868,0.107911,98.954387,47.14132014,,,0.055471409,1.207270275
'D0001424_GREY_TOP18_corr.dat',25.6,0.057907079,0.059558136,0.049916242,0.054324425,0.077833867,0.081030467,0.070773302,0.075102734,0.107077,98.189609,47.55741619,,,0.055793819,1.176623185
'D0001424_GREY_TOP19_corr.dat',26.88,0.063280183,0.059512908,0.050622653,0.0560096,0.081445217,0.080946404,0.071467296,0.076331553,0.101,92.617,47.11026887,,,0.057805248,1.212827491
'D0001424_GREY_TOP20_corr.dat',28.16,0.065945302,0.056893868,0.051929131,0.056674358,0.085066497,0.080147334,0.074743976,0.078675446,0.0881755,80.8569335,46.35878397,,,0.0582561,1.182757793
'D0001424_GREY_TOP21_corr.dat',29.44,0.06235459,0.053388275,0.052393336,0.055132384,0.083581757,0.079034988,0.076037708,0.07867304,0.0888834,81.5060778,46.32420976,,,0.0560454,1.104557124
'D0001424_GREY_TOP22_corr.dat',30.72,0.064689038,0.058891884,0.05283382,0.05731214,0.086595795,0.083145404,0.075433688,0.080152144,0.0983871,90.2209707,44.99507352,,,0.058804914,1.16952475
'D0001424_GREY_TOP23_corr.dat',32,0.066355438,0.068423175,0.05244384,0.059916573,0.086117222,0.085449342,0.071435152,0.078609217,0.0974122,89.3269874,45.92783561,,,0.062407485,1.284980407
'D0001424_GREY_TOP24_corr.dat',33.28,0.062055801,0.070276016,0.050760796,0.058463352,0.082541348,0.084470752,0.069312301,0.076409175,0.0858187,78.6957479,47.85714797,,,0.061030872,1.303484461
'D0001424_GREY_TOP25_corr.dat',34.56,0.062629832,0.070328103,0.047797881,0.057138424,0.083803527,0.085618255,0.070813619,0.077762255,0.0804008,73.7275336,47.30311372,,,0.060251939,1.390835044
'D0001424_GREY_TOP26_corr.dat',35.84,0.063042172,0.070047619,0.051810851,0.059177873,0.083471202,0.086253406,0.072736181,0.078799242,0.0764367,70.0924539,46.88183657,,,0.061633547,1.284381439
'D0001424_GREY_TOP27_corr.dat',37.12,0.061273513,0.06760458,0.053367208,0.058903127,0.083037246,0.085872085,0.072440223,0.078447444,0.0641284,58.8057428,47.71967332,,,0.060748434,1.207465194
'D0001424_GREY_TOP28_corr.dat',38.4,0.059746348,0.067442975,0.047336493,0.055465577,0.082852127,0.084979731,0.067390174,0.075653051,0.0557218,51.0968906,49.92677405,,,0.058175272,1.343459505
'D0001424_GREY_BOT00_corr.dat',39.68,0.063839534,0.059613409,0.051174799,0.056450635,0.081052588,0.080015858,0.070264691,0.075399457,0.0747068,68.5061356,49.08752593,,,0.058209247,1.206188841
'D0001424_GREY_BOT01_corr.dat',40.96,0.067341835,0.067545768,0.050670871,0.059057336,0.083336095,0.082774867,0.069837124,0.076446302,0.0969031,88.8601427,47.25392189,,,0.061852825,1.331017205
'D0001424_GREY_BOT02_corr.dat',42.24,0.069786372,0.073082773,0.050358596,0.060896584,0.082750489,0.082427897,0.069746593,0.076167893,0.112444,103.111148,46.61050558,,,0.064409247,1.418517957
'D0001424_GREY_BOT03_corr.dat',43.52,0.068572251,0.071428692,0.051944889,0.06097268,0.081513308,0.08134894,0.070744981,0.076088052,0.119598,109.671366,46.28332428,,,0.063981945,1.34759114
'D0001424_GREY_BOT04_corr.dat',44.8,0.063693621,0.067932069,0.055157539,0.060485192,0.08066742,0.080755409,0.074179097,0.077445256,0.110729,101.538493,45.93030231,,,0.062261077,1.193179516
'D0001424_GREY_BOT05_corr.dat',46.08,0.059018037,0.066599191,0.058430861,0.060619737,0.078901067,0.080245033,0.076069369,0.07782121,0.0840971,77.1170407,47.07728938,,,0.061349363,1.07492193
'D0001424_GREY_BOT06_corr.dat',47.36,0.059334501,0.064688643,0.055220815,0.058616194,0.080081614,0.079634426,0.0735857,0.07672186,0.0707474,64.8753658,48.44786629,,,0.059747987,1.122974582
'D0001424_GREY_BOT07_corr.dat',48.64,0.061409324,0.056350878,0.053216541,0.056048321,0.083316072,0.077372746,0.073283803,0.076814106,0.0785739,72.0522663,47.98212983,,,0.056992247,1.106424809
NaN,49.92,NaN,NaN,NaN,NaN,NaN,NaN,NaN,NaN,NaN,#VALUE!,#VALUE!,,,NaN,#VALUE!
NaN,51.2,NaN,NaN,NaN,NaN,NaN,NaN,NaN,NaN,NaN,#VALUE!,#VALUE!,,,NaN,#VALUE!
NaN,52.48,NaN,NaN,NaN,NaN,NaN,NaN,NaN,NaN,NaN,#VALUE!,#VALUE!,,,NaN,#VALUE!
NaN,53.76,NaN,NaN,NaN,NaN,NaN,NaN,NaN,NaN,NaN,#VALUE!,#VALUE!,,,NaN,#VALUE!
NaN,55.04,NaN,NaN,NaN,NaN,NaN,NaN,NaN,NaN,NaN,#VALUE!,#VALUE!,,,NaN,#VALUE!
NaN,56.32,NaN,NaN,NaN,NaN,NaN,NaN,NaN,NaN,NaN,#VALUE!,#VALUE!,,,NaN,#VALUE!
NaN,57.6,NaN,NaN,NaN,NaN,NaN,NaN,NaN,NaN,NaN,#VALUE!,#VALUE!,,,NaN,#VALUE!
'D0001411_GREY_TOP00_corr.dat',58.88,0.099143798,0.094939448,0.07850061,0.087771116,0.137286799,0.133637236,0.112963414,0.124212716,0.167209,153.330653,26.81822055,,,0.090861343,1.236189418
'D0001411_GREY_TOP01_corr.dat',60.16,0.092691983,0.090776376,0.076885464,0.084309822,0.130562205,0.127741217,0.110500071,0.119825891,0.191615,175.710955,26.98531984,,,0.086784626,1.193127731
'D0001411_GREY_TOP02_corr.dat',61.44,0.088544407,0.087122275,0.071110317,0.079471829,0.126788349,0.125057385,0.106438103,0.116180485,0.211406,193.859302,27.15065277,,,0.082259001,1.235170147
'D0001411_GREY_TOP03_corr.dat',62.72,0.095670144,0.095468013,0.075556004,0.085562541,0.131814282,0.131858645,0.110292068,0.121064266,0.194573,178.423441,26.6115519,,,0.088898067,1.264877362
'D0001411_GREY_TOP04_corr.dat',64,0.097149594,0.100603538,0.079112862,0.088994714,0.134,0.136809361,0.114239883,0.124822282,0.168788,154.778596,26.63665457,,,0.092288592,1.249816571
'D0001411_GREY_TOP05_corr.dat',65.28,0.109400366,0.100705944,0.07618793,0.090620543,0.136798729,0.136736639,0.1079126,0.122340142,0.140147,128.514799,28.11351983,,,0.095431804,1.378868743
'D0001411_GREY_TOP06_corr.dat',66.56,0.117122895,0.103436452,0.069503556,0.089891615,0.138070246,0.135845459,0.101155499,0.119056676,0.116073,106.438941,29.69768782,,,0.096688026,1.58667671
'D0001411_GREY_TOP07_corr.dat',67.84,0.101870437,0.100803573,0.07594713,0.088642068,0.129965769,0.130158839,0.107161539,0.118611922,0.131086,120.205862,29.30275434,,,0.092873934,1.334309864
'D0001411_GREY_TOP08_corr.dat',69.12,0.095764966,0.093554196,0.079678126,0.087168854,0.125619928,0.126582134,0.111477666,0.118789349,0.142636,130.797212,28.87006314,,,0.089665804,1.188024695
'D0001411_GREY_TOP09_corr.dat',70.4,0.101253818,0.098026662,0.079470635,0.089555437,0.127373011,0.127539838,0.110383525,0.118919975,0.135105,123.891285,29.09166438,,,0.092917099,1.253799477
'D0001411_GREY_TOP10_corr.dat',71.68,0.108757492,0.101169563,0.077315645,0.091139586,0.127719852,0.12541306,0.109467351,0.118016903,0.135787,124.516679,29.29116002,,,0.095747487,1.357597515
'D0001411_GREY_TOP11_corr.dat',72.96,0.10742817,0.100870763,0.079545334,0.091847401,0.124633987,0.125302815,0.111113917,0.118041159,0.131779,120.841343,29.42095823,,,0.095948117,1.309309558
'D0001411_GREY_TOP12_corr.dat',74.24,0.116665206,0.117089365,0.085140506,0.101008895,0.127753129,0.133351146,0.115839695,0.123195916,0.128914,118.214138,28.28295056,,,0.106297905,1.372757705
'D0001411_GREY_TOP13_corr.dat',75.52,0.123794718,0.133660855,0.089142779,0.108935283,0.129588281,0.135749826,0.11882772,0.125748386,0.134996,123.791332,27.51539084,,,0.115531685,1.444062969
'D0001411_GREY_TOP14_corr.dat',76.8,0.091476478,0.09990858,0.075256853,0.085474691,0.111065707,0.115095607,0.102029105,0.107554881,0.144183,132.215811,31.82810457,,,0.088880623,1.271545712
'D0001411_GREY_TOP15_corr.dat',78.08,0.074046272,0.075331589,0.062948602,0.068818766,0.100489328,0.103587786,0.092901537,0.097470047,0.165955,152.180735,34.22774588,,,0.070775488,1.186506575
'D0001411_GREY_TOP16_corr.dat',79.36,0.073712966,0.074140802,0.063758072,0.068842478,0.102427647,0.105258922,0.095042967,0.099443126,0.184429,169.121393,32.80552543,,,0.07053728,1.15949059
'D0001411_GREY_TOP17_corr.dat',80.64,0.072314838,0.072102465,0.063483424,0.067846038,0.103606731,0.105607928,0.095341922,0.099974626,0.178333,163.531361,32.87502177,,,0.069300242,1.137441046
'D0001411_GREY_TOP18_corr.dat',81.92,0.073003977,0.072976321,0.061139966,0.067065058,0.103401815,0.105554535,0.092097636,0.098287905,0.165197,151.485649,33.97378333,,,0.069040088,1.193820567
'D0001411_GREY_TOP19_corr.dat',83.2,0.072281538,0.071627089,0.062062188,0.067008251,0.098070423,0.099250939,0.089299769,0.093980225,0.211128,193.604376,33.57608468,,,0.068656941,1.159390533
'D0001411_GREY_BOT00_corr.dat',84.48,0.091848829,0.099674245,0.074047018,0.084904278,0.13448205,0.140975969,0.110129284,0.123929147,0.145556,133.474852,27.57846796,,,0.088523326,1.293253117
'D0001411_GREY_BOT01_corr.dat',85.76,0.093894207,0.097931519,0.071792003,0.083852433,0.135735108,0.138769031,0.108267902,0.122759986,0.151452,138.881484,27.64900936,,,0.087872565,1.335982559
'D0001411_GREY_BOT02_corr.dat',87.04,0.09432005,0.0951534,0.070331843,0.082534284,0.135655959,0.137096481,0.108388103,0.122382161,0.161712,148.289904,27.39902585,,,0.086601741,1.346996186
'D0001411_GREY_BOT03_corr.dat',88.32,0.091276999,0.095729618,0.071583298,0.082543304,0.133159855,0.136858377,0.107971351,0.121490233,0.167502,153.599334,27.40954483,,,0.086196641,1.306216822
'D0001411_GREY_BOT04_corr.dat',89.6,0.087968821,0.091412196,0.070934084,0.080312296,0.130596262,0.133224863,0.106508117,0.11920934,0.184169,168.882973,27.37473434,,,0.083438405,1.264420473
'D0001411_GREY_BOT05_corr.dat',90.88,0.095560794,0.096531329,0.070214069,0.083130065,0.134190257,0.136511454,0.106584173,0.120967514,0.177507,162.773919,27.19715305,,,0.087435445,1.367903368
'D0001411_GREY_BOT06_corr.dat',92.16,0.114451499,0.111271041,0.066883215,0.089872242,0.144015202,0.145380275,0.101613692,0.123155715,0.151914,139.305138,27.54516093,,,0.097534522,1.687437881
'D0001411_GREY_BOT07_corr.dat',93.44,0.113163539,0.108952424,0.065381226,0.088219604,0.142888059,0.142684291,0.099404662,0.121095418,0.153693,140.936481,27.95504605,,,0.095832222,1.698621884
'D0001411_GREY_BOT08_corr.dat',94.72,0.097114112,0.096547893,0.066487354,0.081659178,0.129857443,0.131257956,0.09976416,0.11516093,0.181376,166.321792,28.43408786,,,0.086716469,1.456382264
'D0001411_GREY_BOT09_corr.dat',96,0.093922163,0.094842319,0.06445913,0.079420686,0.125178271,0.128370341,0.100465459,0.113619883,0.206075,188.970775,27.95021372,,,0.084407855,1.464218343
'D0001411_GREY_BOT10_corr.dat',97.28,0.110489414,0.113200788,0.067729303,0.089787202,0.135005493,0.138844633,0.104406288,0.120665675,0.179771,164.850007,27.19013497,,,0.09714029,1.651354681
'D0001411_GREY_BOT11_corr.dat',98.56,0.120612608,0.12626706,0.070965773,0.097202803,0.140819348,0.146591688,0.102790232,0.123247875,0.151266,138.710922,27.54559457,,,0.105950049,1.739427742
'D0001411_GREY_BOT12_corr.dat',99.84,0.108026055,0.111030589,0.072801538,0.09116493,0.132491674,0.137905462,0.103595045,0.119396806,0.155452,142.549484,28.2938221,,,0.097285924,1.504478143
'D0001411_GREY_BOT13_corr.dat',101.12,0.091499937,0.094065105,0.079534713,0.086158617,0.125018549,0.127550151,0.110397215,0.118340783,0.160582,147.253694,28.37290677,,,0.088366586,1.166566367
'D0001411_GREY_BOT14_corr.dat',102.4,0.096692922,0.099283705,0.083395632,0.090691973,0.127385217,0.130472485,0.110643914,0.119786383,0.135802,124.530434,28.85797139,,,0.093124256,1.174981362
'D0001411_GREY_BOT15_corr.dat',103.68,0.112317214,0.108598527,0.082973664,0.096715767,0.132155964,0.135915297,0.107400663,0.120718147,0.116113,106.475621,29.28762649,,,0.101296407,1.331240124
'D0001411_GREY_BOT16_corr.dat',104.96,0.112600129,0.108967541,0.086930975,0.098857405,0.129206368,0.13522112,0.10932059,0.120767167,0.126343,115.856531,28.93690468,,,0.102832393,1.274388494
'D0001411_GREY_BOT17_corr.dat',106.24,0.11136625,0.109415621,0.089992892,0.100191914,0.128943597,0.134509284,0.112905576,0.122316008,0.127927,117.309059,28.51868735,,,0.103591317,1.226662827
'D0001411_GREY_BOT18_corr.dat',107.52,0.116140589,0.111917142,0.085033477,0.099531171,0.131881701,0.135606342,0.110811385,0.122277703,0.125134,114.747878,28.61898696,,,0.104364552,1.340987929
'D0001411_GREY_BOT19_corr.dat',108.8,0.111822926,0.114214753,0.081376445,0.097197642,0.133891083,0.140641187,0.111077351,0.124171743,0.128337,117.685029,28.07927084,,,0.102471819,1.388839728
'D0001411_GREY_BOT20_corr.dat',110.08,0.107764586,0.112917069,0.085325812,0.09783332,0.137625935,0.143997179,0.115547438,0.128179497,0.128906,118.206802,27.18356739,,,0.102002772,1.293170555
'D0001411_GREY_BOT21_corr.dat',111.36,0.111097916,0.108693338,0.085358026,0.097626827,0.142337488,0.14561125,0.117050844,0.130512606,0.134608,123.435536,26.52286314,,,0.101716582,1.287466826
'D0001411_GREY_BOT22_corr.dat',112.64,0.110654621,0.109246299,0.082848559,0.09639951,0.14221977,0.147248346,0.11676235,0.130748204,0.142841,130.985197,26.22319768,,,0.100916482,1.327125802
'D0001411_GREY_BOT23_corr.dat',113.92,0.106924484,0.105239943,0.086673606,0.09637791,0.141034169,0.145218717,0.118541068,0.130833756,0.144793,132.775181,26.14637167,,,0.09961285,1.223927539
'D0001411_GREY_BOT24_corr.dat',115.2,0.103187435,0.098756963,0.085856452,0.093414326,0.140810331,0.140810331,0.120345808,0.13057807,0.149322,136.928274,26.05883217,,,0.095933753,1.176058366
NaN,116.48,NaN,NaN,NaN,NaN,NaN,NaN,NaN,NaN,NaN,#VALUE!,#VALUE!,,,NaN,#VALUE!
NaN,117.76,NaN,NaN,NaN,NaN,NaN,NaN,NaN,NaN,NaN,#VALUE!,#VALUE!,,,NaN,#VALUE!
NaN,119.04,NaN,NaN,NaN,NaN,NaN,NaN,NaN,NaN,NaN,#VALUE!,#VALUE!,,,NaN,#VALUE!
NaN,120.32,NaN,NaN,NaN,NaN,NaN,NaN,NaN,NaN,NaN,#VALUE!,#VALUE!,,,NaN,#VALUE!
NaN,121.6,NaN,NaN,NaN,NaN,NaN,NaN,NaN,NaN,NaN,#VALUE!,#VALUE!,,,NaN,#VALUE!
NaN,122.88,NaN,NaN,NaN,NaN,NaN,NaN,NaN,NaN,NaN,#VALUE!,#VALUE!,,,NaN,#VALUE!
NaN,124.16,NaN,NaN,NaN,NaN,NaN,NaN,NaN,NaN,NaN,#VALUE!,#VALUE!,,,NaN,#VALUE!
NaN,125.44,NaN,NaN,NaN,NaN,NaN,NaN,NaN,NaN,NaN,#VALUE!,#VALUE!,,,NaN,#VALUE!
'D0001412_GREY_TOP00_corr.dat',126.72,0.102251574,0.107327874,0.08294329,0.093866507,0.145724234,0.151184857,0.122661196,0.135557871,0.194951,178.770067,23.75513856,,,0.097507775,1.26339001
'D0001412_GREY_TOP01_corr.dat',128,0.103655568,0.104106387,0.08528835,0.094584663,0.145397716,0.150478859,0.124196939,0.136067613,0.180148,165.195716,24.10131199,,,0.097683656,1.217997273
'D0001412_GREY_TOP02_corr.dat',129.28,0.097564333,0.103606361,0.088568868,0.094577107,0.137498622,0.144090296,0.125487089,0.133140774,0.183269,168.057673,24.5373667,,,0.096579926,1.13567385
'D0001412_GREY_TOP03_corr.dat',130.56,0.096835461,0.107351202,0.089112809,0.09560307,0.130625665,0.139291249,0.123469593,0.129214025,0.179684,164.770228,25.39402361,,,0.09776645,1.145663934
'D0001412_GREY_TOP04_corr.dat',131.84,0.098978441,0.108450925,0.087805814,0.095760248,0.128013783,0.137267646,0.122411288,0.127526001,0.175787,161.196679,25.85239067,,,0.098411776,1.181182402
'D0001412_GREY_TOP05_corr.dat',133.12,0.102596599,0.108967006,0.086390584,0.096086193,0.130336072,0.13698884,0.121100626,0.127381541,0.170101,155.982617,26.06025933,,,0.099318425,1.224459855
'D0001412_GREY_TOP06_corr.dat',134.4,0.10916459,0.110167091,0.085104495,0.097385168,0.134533112,0.140733333,0.123022804,0.130328013,0.176981,162.291577,25.25992622,,,0.101479108,1.288602203
'D0001412_GREY_TOP07_corr.dat',135.68,0.109296028,0.115241944,0.08930015,0.100784568,0.135024322,0.143808907,0.122718075,0.131067345,0.174947,160.426399,25.17951367,,,0.104612939,1.257209367
'D0001412_GREY_TOP08_corr.dat',136.96,0.105101766,0.118554643,0.086878123,0.099353164,0.132481633,0.145624128,0.120303929,0.129678404,0.177604,162.862868,25.3672461,,,0.103511765,1.287184865
'D0001412_GREY_TOP09_corr.dat',138.24,0.095376249,0.105870576,0.079636758,0.090130085,0.127306643,0.138871871,0.113688472,0.123388864,0.1978,181.3826,26.00558822,,,0.093627833,1.263529748
'D0001412_GREY_TOP10_corr.dat',139.52,0.096131448,0.105996095,0.072486046,0.086774909,0.12987027,0.138607438,0.106672814,0.120455834,0.193682,177.606394,26.77555657,,,0.091537708,1.394251409
'D0001412_GREY_TOP11_corr.dat',140.8,0.101612748,0.11219554,0.073563252,0.090233698,0.134980576,0.14325024,0.107574339,0.123344874,0.18284,167.66428,26.50000686,,,0.095790505,1.453227539
'D0001412_GREY_TOP12_corr.dat',142.08,0.111372398,0.113507961,0.079006267,0.095723223,0.140193072,0.145651917,0.113213085,0.12806779,0.180826,165.817442,25.58563716,,,0.101295809,1.423180506
'D0001412_GREY_TOP13_corr.dat',143.36,0.121006324,0.115008676,0.088260407,0.103133954,0.149222793,0.15303792,0.120762058,0.135946207,0.172072,157.790024,24.36045894,,,0.108092296,1.337037798
'D0001412_GREY_TOP14_corr.dat',144.64,0.116592679,0.111155127,0.094505847,0.104189875,0.150220774,0.152970774,0.129758445,0.14067711,0.172723,158.386991,23.52271815,,,0.107418145,1.20494029
'D0001412_GREY_TOP15_corr.dat',145.92,0.107967229,0.10837249,0.088323635,0.098246747,0.145617301,0.148175496,0.12593592,0.136416159,0.203252,186.382084,23.36227624,,,0.101554754,1.224698905
'D0001412_GREY_TOP16_corr.dat',147.2,0.105178217,0.105335914,0.087718102,0.096487584,0.145921177,0.148959065,0.127108163,0.137274142,0.216406,198.444302,22.83296733,,,0.099410767,1.199946915
'D0001412_GREY_TOP17_corr.dat',148.48,0.10753611,0.113701259,0.092985323,0.101802003,0.149592567,0.157430454,0.129905937,0.141708724,0.184619,169.295623,23.0156896,,,0.104741139,1.189635968
'D0001412_GREY_TOP18_corr.dat',149.76,0.110832914,0.123844063,0.092994112,0.1051663,0.152142131,0.16098147,0.126739765,0.141650783,0.160384,147.072128,23.70946307,,,0.109223847,1.261784058
'D0001412_GREY_TOP19_corr.dat',151.04,0.116760717,0.119313913,0.084786994,0.101412154,0.151787722,0.156594558,0.118810491,0.136500815,0.168993,154.966581,24.35170802,,,0.106953467,1.39216299
'D0001412_GREY_TOP20_corr.dat',152.32,0.10643244,0.105464368,0.078155423,0.092051913,0.141637307,0.146335261,0.114539342,0.129262813,0.220825,202.496525,24.11134282,,,0.096684287,1.355611687
'D0001412_GREY_TOP21_corr.dat',153.6,0.099680432,0.098316802,0.077439593,0.088219105,0.141731364,0.144798244,0.118634069,0.130949437,0.251072,230.233024,22.87686054,,,0.091812271,1.27839795
'D0001412_GREY_BOT00_corr.dat',154.88,0.103669912,0.099071849,0.077282265,0.089326573,0.145577885,0.142939533,0.115170931,0.12971482,0.215015,197.168755,24.20648618,,,0.093341423,1.311696552
'D0001412_GREY_BOT01_corr.dat',156.16,0.09768824,0.096252662,0.078338584,0.087654518,0.143773314,0.142658969,0.118841745,0.131028943,0.23614,216.54038,23.31881742,,,0.090759828,1.237837684
'D0001412_GREY_BOT02_corr.dat',157.44,0.106905093,0.108356364,0.084895957,0.096263343,0.153468131,0.153773961,0.124651538,0.139136292,0.203432,186.547144,22.90036587,,,0.100052677,1.267795689
'D0001412_GREY_BOT03_corr.dat',158.72,0.123701329,0.130925921,0.083675924,0.105494775,0.165653079,0.16660238,0.124352225,0.145239977,0.185636,170.228212,22.42809492,,,0.112768811,1.521508446
'D0001412_GREY_BOT04_corr.dat',160,0.12665071,0.132173698,0.08651442,0.107963312,0.168839706,0.168765743,0.126539662,0.147671193,0.190322,174.525274,21.93191461,,,0.115113891,1.495845475
'D0001412_GREY_BOT05_corr.dat',161.28,0.118859491,0.119096984,0.091337331,0.105157785,0.165392146,0.164885384,0.130521919,0.147830342,0.176421,161.778057,22.28443743,,,0.109765204,1.302624413
'D0001412_GREY_BOT06_corr.dat',162.56,0.120020692,0.122145624,0.09069947,0.105891314,0.165790032,0.165089757,0.129135463,0.147287679,0.169404,155.343468,22.55710752,,,0.110955225,1.334992998
'D0001412_GREY_BOT07_corr.dat',163.84,0.117151812,0.122769801,0.090692731,0.105326768,0.16283577,0.163689188,0.12787717,0.145569824,0.173917,159.481889,22.69929237,,,0.11020432,1.32271689
'D0001412_GREY_BOT08_corr.dat',165.12,0.108621845,0.117365815,0.089998833,0.101496331,0.156735337,0.159672342,0.126574994,0.142389417,0.182381,167.243377,22.9685329,,,0.10532855,1.255503282
'D0001412_GREY_BOT09_corr.dat',166.4,0.103450836,0.108763889,0.083429575,0.094768469,0.153708781,0.155295129,0.123347235,0.138924595,0.21989,201.63913,22.46139349,,,0.098548369,1.271819525
'D0001412_GREY_BOT10_corr.dat',167.68,0.110183781,0.110816853,0.083140064,0.096820191,0.158546862,0.159177438,0.125336655,0.142099403,0.228151,209.214467,21.72701605,,,0.101380937,1.329086256
'D0001412_GREY_BOT11_corr.dat',168.96,0.112940238,0.112460502,0.091221944,0.101961157,0.161550526,0.160959351,0.129020136,0.145137538,0.204612,187.629204,21.92094516,,,0.105541405,1.235452405
'D0001412_GREY_BOT12_corr.dat',170.24,0.10715682,0.102577481,0.090627254,0.097747203,0.156866741,0.1537898,0.130199274,0.142763772,0.214638,196.823046,22.00451802,,,0.100120786,1.157125981
'D0001412_GREY_BOT13_corr.dat',171.52,0.10328475,0.09953722,0.084564488,0.092987736,0.152836225,0.149880478,0.123851852,0.137605102,0.236516,216.885172,22.19347947,,,0.095795486,1.199214796
'D0001412_GREY_BOT14_corr.dat',172.8,0.102657305,0.103417119,0.084935259,0.093986236,0.152742813,0.151838311,0.126111626,0.139201094,0.22967,210.60739,22.13574559,,,0.097003215,1.213126484
'D0001412_GREY_BOT15_corr.dat',174.08,0.108234316,0.112326699,0.091719951,0.101000229,0.15789837,0.159558274,0.130164921,0.144446621,0.196439,180.134563,22.2521231,,,0.104093898,1.202361162
'D0001412_GREY_BOT16_corr.dat',175.36,0.111372445,0.116410766,0.092221506,0.103056556,0.161156362,0.16058032,0.128583214,0.144725777,0.188141,172.525297,22.4385459,,,0.106668011,1.234978802
'D0001412_GREY_BOT17_corr.dat',176.64,0.113511497,0.119092376,0.085052962,0.100677449,0.161656663,0.162273549,0.122362562,0.142163834,0.202665,185.843805,22.43425706,,,0.105885785,1.367406075
'D0001412_GREY_BOT18_corr.dat',177.92,0.110932203,0.121176473,0.081212814,0.098633576,0.157544474,0.161948077,0.119977538,0.139861906,0.218788,200.628596,22.34238099,,,0.104441014,1.429015108
'D0001412_GREY_BOT19_corr.dat',179.2,0.108507997,0.11768875,0.083365641,0.098232007,0.155988117,0.15905583,0.123606403,0.140564188,0.21831,200.19027,22.24435711,,,0.103187981,1.356654517
'D0001412_GREY_BOT20_corr.dat',180.48,0.105897075,0.110205368,0.084587652,0.096319437,0.153186343,0.155324969,0.123451792,0.138853724,0.207871,190.617707,22.8190927,,,0.100230286,1.277387652
'D0001412_GREY_BOT21_corr.dat',181.76,0.107005042,0.107645198,0.08136472,0.09434492,0.153797444,0.154674333,0.120597498,0.137416694,0.200095,183.487115,23.28407064,,,0.09867157,1.319062123
'D0001412_GREY_BOT22_corr.dat',183.04,0.117798462,0.113355499,0.088289377,0.101933179,0.163887975,0.162088839,0.130014676,0.146501542,0.199107,182.581119,21.86715556,,,0.106481268,1.309070069
'D0001412_GREY_BOT23_corr.dat',184.32,0.121761734,0.11881426,0.091208654,0.105748326,0.166463102,0.166427502,0.135542106,0.150993704,0.192824,176.819608,21.3830373,,,0.110596188,1.31882219
'D0001412_GREY_BOT24_corr.dat',185.6,0.118443247,0.120870464,0.086849285,0.10325307,0.164290901,0.166328969,0.129210315,0.147260125,0.175664,161.083888,22.39128891,,,0.108721838,1.377752905
'D0001412_GREY_BOT25_corr.dat',186.88,0.113177737,0.112213652,0.085449461,0.099072578,0.159835159,0.158041187,0.124426771,0.141682472,0.203233,186.364661,22.49444093,,,0.103614291,1.318857875
NaN,188.16,NaN,NaN,NaN,NaN,NaN,NaN,NaN,NaN,NaN,#VALUE!,#VALUE!,,,NaN,#VALUE!
NaN,189.44,NaN,NaN,NaN,NaN,NaN,NaN,NaN,NaN,NaN,#VALUE!,#VALUE!,,,NaN,#VALUE!
NaN,190.72,NaN,NaN,NaN,NaN,NaN,NaN,NaN,NaN,NaN,#VALUE!,#VALUE!,,,NaN,#VALUE!
NaN,192,NaN,NaN,NaN,NaN,NaN,NaN,NaN,NaN,NaN,#VALUE!,#VALUE!,,,NaN,#VALUE!
NaN,193.28,NaN,NaN,NaN,NaN,NaN,NaN,NaN,NaN,NaN,#VALUE!,#VALUE!,,,NaN,#VALUE!
NaN,194.56,NaN,NaN,NaN,NaN,NaN,NaN,NaN,NaN,NaN,#VALUE!,#VALUE!,,,NaN,#VALUE!
NaN,195.84,NaN,NaN,NaN,NaN,NaN,NaN,NaN,NaN,NaN,#VALUE!,#VALUE!,,,NaN,#VALUE!
NaN,197.12,NaN,NaN,NaN,NaN,NaN,NaN,NaN,NaN,NaN,#VALUE!,#VALUE!,,,NaN,#VALUE!
NaN,198.4,NaN,NaN,NaN,NaN,NaN,NaN,NaN,NaN,NaN,#VALUE!,#VALUE!,,,NaN,#VALUE!
'D0001420_GREY_TOP00_corr.dat',199.68,0.100740694,0.103848752,0.086788384,0.094541554,0.141338161,0.143577339,0.122107669,0.13228271,0.283215,259.708155,21.6743368,,,0.097125986,1.178668359
'D0001420_GREY_TOP01_corr.dat',200.96,0.09813404,0.09935888,0.084442497,0.091594478,0.146248024,0.149051877,0.123207484,0.135428717,0.245114,224.769538,22.29618694,,,0.093978529,1.169392947
'D0001420_GREY_TOP02_corr.dat',202.24,0.102731308,0.100601915,0.089098059,0.095382335,0.151068432,0.151192789,0.128332169,0.13973139,0.242452,222.328484,21.68583599,,,0.097477016,1.141064273
'D0001420_GREY_TOP03_corr.dat',203.52,0.113553388,0.113722283,0.092350076,0.102993956,0.160542136,0.160974166,0.132751886,0.146755019,0.234396,214.941132,20.86753848,,,0.106541784,1.230511552
'D0001420_GREY_TOP04_corr.dat',204.8,0.144826818,0.149846367,0.112268526,0.129802559,0.181700393,0.18501097,0.155107965,0.169231824,0.263244,241.394748,17.41412423,,,0.13566365,1.31235884
'D0001420_GREY_TOP05_corr.dat',206.08,0.159130121,0.17252516,0.120018935,0.142923288,0.18566302,0.190853389,0.155450265,0.171854235,0.23846,218.66782,17.72525419,,,0.150673248,1.381678985
'D0001420_GREY_TOP06_corr.dat',207.36,0.125277074,0.128453745,0.084952147,0.105908779,0.161889715,0.166532823,0.120753293,0.142482281,0.194671,178.513307,22.60853755,,,0.112893839,1.493374964
'D0001420_GREY_TOP07_corr.dat',208.64,0.116638721,0.112727283,0.078688182,0.096685592,0.153777298,0.154471427,0.113602443,0.133863403,0.219122,200.934874,23.33357683,,,0.102684709,1.457436175
'D0001420_GREY_TOP08_corr.dat',209.92,0.109609907,0.104261103,0.0841063,0.095520902,0.154338983,0.153154218,0.119880502,0.136813551,0.230865,211.703205,22.48709993,,,0.099325901,1.271432765
'D0001420_GREY_TOP09_corr.dat',211.2,0.107714186,0.100492633,0.087525862,0.095814636,0.155946278,0.153371456,0.128753212,0.141706039,0.255922,234.680474,21.0034238,,,0.098598475,1.189401711
'D0001420_GREY_TOP10_corr.dat',212.48,0.108139304,0.103305888,0.090929157,0.098325876,0.155947543,0.153990408,0.129716517,0.142342746,0.260505,238.883085,20.78068658,,,0.100791439,1.162691915
'D0001420_GREY_TOP11_corr.dat',213.76,0.126239328,0.121856977,0.083881087,0.10396462,0.16473288,0.163338491,0.12115852,0.142597103,0.234406,214.950302,21.47572382,,,0.110660144,1.47885724
'D0001420_GREY_TOP12_corr.dat',215.04,0.141087895,0.136506783,0.075725398,0.107261369,0.166395047,0.165371179,0.110210993,0.138047053,0.211257,193.722669,22.85432346,,,0.117775803,1.832903391
'D0001420_GREY_TOP13_corr.dat',216.32,0.131416612,0.131966197,0.075687277,0.10368934,0.162110354,0.162527462,0.10998058,0.136149744,0.207142,189.949214,23.29370521,,,0.113021021,1.739941114
'D0001420_GREY_TOP14_corr.dat',217.6,0.126270555,0.124925687,0.07231982,0.098958971,0.160962498,0.159855059,0.107242292,0.133825535,0.224787,206.129679,23.17085448,,,0.107837548,1.736703994
'D0001420_GREY_TOP15_corr.dat',218.88,0.120901693,0.112130312,0.069659062,0.093087532,0.157078741,0.153280847,0.104605402,0.129892598,0.231939,212.688063,23.65218686,,,0.100897432,1.672661092
'D0001420_GREY_TOP16_corr.dat',220.16,0.124635869,0.111767146,0.071956469,0.095078989,0.159656703,0.154033907,0.107581177,0.132213241,0.22845,209.48865,23.34259397,,,0.102786625,1.642680763
'D0001420_GREY_TOP17_corr.dat',221.44,0.13387827,0.124895705,0.072193016,0.100790002,0.160036931,0.159257626,0.107963874,0.133805576,0.223117,204.598289,23.22423389,,,0.110319894,1.792236918
'D0001420_GREY_TOP18_corr.dat',222.72,0.131972682,0.132121351,0.078156335,0.105101676,0.160569958,0.163153026,0.113128834,0.137495163,0.203811,186.894687,23.16267658,,,0.114083241,1.689524155
'D0001420_GREY_TOP19_corr.dat',224,0.115784838,0.116911198,0.089053068,0.102700543,0.157651599,0.158877778,0.124510558,0.141387623,0.219978,201.719826,22.0676176,,,0.107250393,1.306502085
'D0001420_GREY_BOT00_corr.dat',225.28,0.117294018,0.118572346,0.090534649,0.104233915,0.156009405,0.159935452,0.129059801,0.143516115,0.267074,244.906858,20.42769906,,,0.108800696,1.30263035
'D0001420_GREY_BOT01_corr.dat',226.56,0.11870316,0.120614376,0.093119236,0.106389002,0.157761524,0.163288732,0.130870608,0.145697868,0.246023,225.603091,20.69974007,,,0.110812593,1.285005901
'D0001420_GREY_BOT02_corr.dat',227.84,0.117431855,0.124068682,0.096327311,0.10853879,0.15687832,0.162475151,0.131237993,0.145457364,0.241305,221.276685,20.86370818,,,0.112608756,1.253541368
'D0001420_GREY_BOT03_corr.dat',229.12,0.11273809,0.120431166,0.091986613,0.104285621,0.153218488,0.156220438,0.126544781,0.140632122,0.237316,217.618772,21.69302401,,,0.108384995,1.267408637
'D0001420_GREY_BOT04_corr.dat',230.4,0.108864759,0.115181477,0.09013879,0.101080954,0.15298371,0.15427877,0.127454646,0.140542943,0.243231,223.042827,21.53844181,,,0.104728023,1.242784793
'D0001420_GREY_BOT05_corr.dat',231.68,0.110072992,0.110175419,0.092736327,0.101430266,0.155285917,0.155819233,0.131730756,0.143641665,0.247052,226.546684,20.96739825,,,0.104327941,1.187498027
'D0001420_GREY_BOT06_corr.dat',232.96,0.110689953,0.106835666,0.09121595,0.09998938,0.156684618,0.155715003,0.129039501,0.142619656,0.247421,226.885057,21.107301,,,0.102913623,1.192366125
'D0001420_GREY_BOT07_corr.dat',234.24,0.110030594,0.109900774,0.090829058,0.100397371,0.159997416,0.159447974,0.130571569,0.145147132,0.246475,226.017575,20.7658254,,,0.103586495,1.210688372
'D0001420_GREY_BOT08_corr.dat',235.52,0.11141671,0.110060698,0.093174486,0.101956595,0.162876349,0.161703548,0.135692285,0.148991117,0.243384,223.183128,20.31304999,,,0.104908711,1.188508881
'D0001420_GREY_BOT09_corr.dat',236.8,0.114738381,0.109363081,0.09182734,0.101939036,0.162189685,0.160159689,0.131929039,0.146551863,0.246121,225.692957,20.57644262,,,0.105309878,1.220232786
'D0001420_GREY_BOT10_corr.dat',238.08,0.115869288,0.113762572,0.087688111,0.10125202,0.162738673,0.162151531,0.129067031,0.145756067,0.243619,223.398623,20.75744818,,,0.105774196,1.309367128
'D0001420_GREY_BOT11_corr.dat',239.36,0.116348203,0.113342987,0.091212021,0.103028808,0.164382305,0.163383378,0.13162419,0.147753516,0.240821,220.832857,20.5525803,,,0.106968145,1.259105913
'D0001420_GREY_BOT12_corr.dat',240.64,0.116223795,0.110123756,0.091567036,0.102370406,0.163171779,0.160195319,0.129651114,0.145667332,0.247371,226.839207,20.66706354,,,0.105971876,1.235966354
'D0001420_GREY_BOT13_corr.dat',241.92,0.115550961,0.110687602,0.087626814,0.100373048,0.160489834,0.157343493,0.125403755,0.142160209,0.257131,235.789127,20.90230464,,,0.104621773,1.290920857
'D0001420_GREY_BOT14_corr.dat',243.2,0.120957818,0.115888875,0.088772501,0.103597924,0.16023722,0.157561542,0.124561105,0.141730243,0.241263,221.238171,21.41355249,,,0.108539143,1.334009351
'D0001420_GREY_BOT15_corr.dat',244.48,0.126000074,0.118309319,0.083815711,0.102985204,0.158888129,0.153125618,0.119436801,0.137721837,0.246567,226.101939,21.88274614,,,0.109374647,1.457420037
'D0001420_GREY_BOT16_corr.dat',245.76,0.128483221,0.119174965,0.090022003,0.106925548,0.161235239,0.153415245,0.125216072,0.141270657,0.254624,233.490208,21.10490645,,,0.112559814,1.375542528
'D0001420_GREY_BOT17_corr.dat',247.04,0.134071795,0.126920219,0.112833365,0.121664686,0.16746962,0.161244712,0.139282438,0.151819802,0.23384,214.43128,20.18603604,,,0.124609453,1.156537411
'D0001420_GREY_BOT18_corr.dat',248.32,0.13924025,0.131349764,0.110605661,0.122950334,0.170511407,0.163248999,0.137983077,0.15243164,0.234252,214.809084,20.09420093,,,0.127045325,1.223219547
'D0001420_GREY_BOT19_corr.dat',249.6,0.130960673,0.125894266,0.107506981,0.117967225,0.167653829,0.158803433,0.136717411,0.149973021,0.24506,224.72002,20.1353549,,,0.121427091,1.194596563
'D0001420_GREY_BOT20_corr.dat',250.88,0.121775869,0.125774548,0.107005999,0.115390604,0.163006766,0.156410083,0.134267931,0.146988178,0.246067,225.643439,20.51683372,,,0.118184708,1.156712803
'D0001420_GREY_BOT21_corr.dat',252.16,0.12384595,0.120598028,0.09985549,0.11103874,0.163091485,0.153952454,0.130629846,0.144575908,0.255854,234.618118,20.58838189,,,0.1147671,1.223988674
'D0001420_GREY_BOT22_corr.dat',253.44,0.11901849,0.112507827,0.092241765,0.104002462,0.159360304,0.149834748,0.12754277,0.141070148,0.279293,256.111681,20.43542195,,,0.107922696,1.254997217
'D0001420_GREY_BOT23_corr.dat',254.72,0.110104742,0.112467677,0.094582396,0.102934303,0.154241109,0.147824246,0.126599575,0.138816126,0.282133,258.715961,20.68540649,,,0.105718157,1.176605941
'D0001420_GREY_BOT24_corr.dat',256,0.115921942,0.115419367,0.095230379,0.105450517,0.155959332,0.148891155,0.126243756,0.1393345,0.270036,247.623012,20.9557289,,,0.108857239,1.214640279
NaN,257.28,NaN,NaN,NaN,NaN,NaN,NaN,NaN,NaN,NaN,#VALUE!,#VALUE!,,,NaN,#VALUE!
NaN,258.56,NaN,NaN,NaN,NaN,NaN,NaN,NaN,NaN,NaN,#VALUE!,#VALUE!,,,NaN,#VALUE!
NaN,259.84,NaN,NaN,NaN,NaN,NaN,NaN,NaN,NaN,NaN,#VALUE!,#VALUE!,,,NaN,#VALUE!
NaN,261.12,NaN,NaN,NaN,NaN,NaN,NaN,NaN,NaN,NaN,#VALUE!,#VALUE!,,,NaN,#VALUE!
NaN,262.4,NaN,NaN,NaN,NaN,NaN,NaN,NaN,NaN,NaN,#VALUE!,#VALUE!,,,NaN,#VALUE!
NaN,263.68,NaN,NaN,NaN,NaN,NaN,NaN,NaN,NaN,NaN,#VALUE!,#VALUE!,,,NaN,#VALUE!
NaN,264.96,NaN,NaN,NaN,NaN,NaN,NaN,NaN,NaN,NaN,#VALUE!,#VALUE!,,,NaN,#VALUE!
'D0001442_GREY_TOP00_corr.dat',266.24,0.138283683,0.138207463,0.113558508,0.125902041,0.195014732,0.193680087,0.160700999,0.177524204,0.288281,264.353677,16.03655126,,,0.130016553,1.217395112
'D0001442_GREY_TOP01_corr.dat',268.8,0.137358353,0.137102319,0.115629489,0.126429912,0.210229911,0.208568202,0.169301558,0.189350307,0.244478,224.186326,15.96030152,,,0.130030054,1.186810889
'D0001442_GREY_TOP02_corr.dat',271.36,0.128563847,0.127807831,0.110219011,0.119202425,0.199742151,0.198467799,0.163644271,0.181374623,0.270948,248.459316,16.07836836,,,0.122196896,1.16301025
'D0001442_GREY_TOP03_corr.dat',273.92,0.12498797,0.125567569,0.104957795,0.115117782,0.194140031,0.194002642,0.159056202,0.176563769,0.289297,265.285349,16.10076636,,,0.118504444,1.193601383
'D0001442_GREY_TOP04_corr.dat',276.48,0.131382055,0.131289782,0.10416829,0.117752104,0.198450044,0.19788956,0.157118113,0.177643958,0.283651,260.107967,16.12999417,,,0.122309169,1.260805164
'D0001442_GREY_TOP05_corr.dat',279.04,0.147595442,0.14334917,0.105639408,0.125555857,0.209095902,0.206044784,0.157389754,0.182480048,0.263687,241.800979,16.14013163,,,0.132194673,1.377064756
'D0001442_GREY_TOP06_corr.dat',281.6,0.148529764,0.142433071,0.107743698,0.126612558,0.210043433,0.206244872,0.159612299,0.183878226,0.25715,235.80655,16.15960773,,,0.132902177,1.350254537
'D0001442_GREY_TOP07_corr.dat',284.16,0.13319981,0.131638222,0.10904364,0.120731328,0.20249184,0.200164348,0.163366524,0.182347309,0.273114,250.445538,15.94508862,,,0.124627224,1.214367165
'D0001442_GREY_TOP08_corr.dat',286.72,0.135524883,0.136515041,0.116110489,0.126065226,0.209166622,0.208231937,0.17278088,0.19074008,0.262061,240.309937,15.47527926,,,0.129383471,1.171470064
'D0001442_GREY_TOP09_corr.dat',289.28,0.138731276,0.138191123,0.119655522,0.129058361,0.213148075,0.21204845,0.177018069,0.194808166,0.253166,232.153222,15.33475759,,,0.132192641,1.157165141
'D0001442_GREY_TOP10_corr.dat',291.84,0.141902343,0.139712353,0.121353955,0.131080652,0.214880714,0.213719131,0.176956419,0.195628171,0.25059,229.79103,15.323151,,,0.134322884,1.160302916
'D0001442_GREY_TOP11_corr.dat',294.4,0.144452566,0.142973557,0.120873633,0.132293347,0.216866008,0.217898403,0.178033393,0.1977078,0.25033,229.55261,15.16723167,,,0.136099918,1.188952938
'D0001442_GREY_TOP12_corr.dat',296.96,0.142172347,0.142055699,0.119792881,0.130953452,0.213969714,0.21643388,0.177478601,0.196340199,0.256595,235.297615,15.14524289,,,0.134673642,1.186331121
'D0001442_GREY_BOT00_corr.dat',299.52,0.133314516,0.137001866,0.115135411,0.125146801,0.207939688,0.209896741,0.17313548,0.191026847,0.26578,243.72026,15.37417405,,,0.128513085,1.173906363
'D0001442_GREY_BOT01_corr.dat',302.08,0.133059118,0.136122893,0.115352961,0.124971983,0.208523335,0.209888103,0.171839592,0.190522656,0.273785,251.060845,15.24679567,,,0.128178324,1.166775471
'D0001442_GREY_BOT02_corr.dat',304.64,0.126322636,0.128842974,0.108142982,0.117862893,0.199939586,0.201095702,0.1641504,0.182334022,0.288312,264.382104,15.61284048,,,0.121102864,1.179760375
'D0001442_GREY_BOT03_corr.dat',307.2,0.130563136,0.133600429,0.106845625,0.119463703,0.200569798,0.202055355,0.161389484,0.18135103,0.293429,269.074393,15.58460407,,,0.12366973,1.23619271
'D0001442_GREY_BOT04_corr.dat',309.76,0.157841548,0.161571767,0.113626482,0.13666657,0.222236301,0.222830714,0.168375579,0.195454543,0.276272,253.341424,14.81117784,,,0.1443466,1.405540809
'D0001442_GREY_BOT05_corr.dat',312.32,0.186523064,0.188775779,0.127275538,0.15746248,0.248661788,0.245438246,0.183089728,0.215069872,0.255615,234.398955,13.84452395,,,0.16752479,1.474355758
'D0001442_GREY_BOT06_corr.dat',314.88,0.197518173,0.196392594,0.145619542,0.171287462,0.261202705,0.257406961,0.198917557,0.229111195,0.238393,218.606381,13.29672259,,,0.179843473,1.352534017
'D0001442_GREY_BOT07_corr.dat',317.44,0.187205461,0.189517352,0.160198817,0.174280112,0.261959784,0.261597672,0.21496144,0.238370084,0.235015,215.508755,12.83692966,,,0.178973865,1.175797733
'D0001442_GREY_BOT08_corr.dat',320,0.186595687,0.192129437,0.171790076,0.180576319,0.265613039,0.266953342,0.229161906,0.247722548,0.240222,220.283574,12.26820901,,,0.183505025,1.102290461
'D0001442_GREY_BOT09_corr.dat',322.56,0.204844607,0.204049651,0.180800294,0.192623712,0.270928148,0.273629948,0.230951117,0.251615082,0.232328,213.044776,12.20391071,,,0.19656488,1.130789802
'D0001442_GREY_BOT10_corr.dat',325.12,0.219302933,0.216004937,0.189185401,0.203419668,0.271999691,0.275335938,0.231071335,0.252369575,0.228367,209.412539,12.23020645,,,0.208164512,1.150479548
NaN,327.68,NaN,NaN,NaN,NaN,NaN,NaN,NaN,NaN,NaN,#VALUE!,#VALUE!,,,NaN,#VALUE!
NaN,330.24,NaN,NaN,NaN,NaN,NaN,NaN,NaN,NaN,NaN,#VALUE!,#VALUE!,,,NaN,#VALUE!
NaN,332.8,NaN,NaN,NaN,NaN,NaN,NaN,NaN,NaN,NaN,#VALUE!,#VALUE!,,,NaN,#VALUE!
NaN,335.36,NaN,NaN,NaN,NaN,NaN,NaN,NaN,NaN,NaN,#VALUE!,#VALUE!,,,NaN,#VALUE!
NaN,337.92,NaN,NaN,NaN,NaN,NaN,NaN,NaN,NaN,NaN,#VALUE!,#VALUE!,,,NaN,#VALUE!
'D0001409_GREY_TOP00_corr.dat',340.48,0.205313326,0.204993546,0.177252298,0.191202867,0.265000959,0.262749921,0.229036857,0.246456148,0.293225,268.887325,11.47100617,,,0.195853344,1.157409175
'D0001409_GREY_TOP01_corr.dat',343.04,0.226549151,0.225835927,0.188818279,0.207505409,0.289486914,0.288683167,0.241562562,0.265323801,0.239149,219.299633,11.47052765,,,0.213735764,1.197937721
'D0001409_GREY_TOP02_corr.dat',345.6,0.224183938,0.230974571,0.206741234,0.217160244,0.299721376,0.301242671,0.258237059,0.279359541,0.220921,202.584557,11.15521591,,,0.22063296,1.100792764
'D0001409_GREY_TOP03_corr.dat',348.16,0.235278251,0.229830255,0.202996818,0.217775536,0.309287461,0.303926549,0.260151304,0.283379154,0.229996,210.906332,10.86888698,,,0.222701545,1.145605407
'D0001409_GREY_TOP04_corr.dat',350.72,0.252321747,0.245234612,0.20971738,0.22924778,0.315801326,0.313806731,0.262940954,0.288872491,0.224131,205.528127,10.74341135,,,0.235756265,1.186254472
'D0001409_GREY_TOP05_corr.dat',353.28,0.252190126,0.249235931,0.226673833,0.238693431,0.313813936,0.315951115,0.269726027,0.292304276,0.215982,198.055494,10.72879274,,,0.242702774,1.106051919
'D0001409_GREY_TOP06_corr.dat',355.84,0.243257196,0.240221532,0.237794089,0.239766727,0.309202661,0.308819205,0.27472498,0.291867956,0.224887,206.221379,10.62278997,,,0.240419435,1.016591138
'D0001409_GREY_TOP07_corr.dat',358.4,0.245893775,0.247465796,0.2411011,0.243890443,0.312775102,0.312283363,0.281135626,0.296832429,0.215107,197.253119,10.57691712,,,0.244818422,1.023138365
'D0001409_GREY_TOP08_corr.dat',360.96,0.245981302,0.241654164,0.236733446,0.24027559,0.311672558,0.30997132,0.278950962,0.29488645,0.212814,195.150438,10.67781852,,,0.241457457,1.029925165
'D0001409_GREY_BOT00_corr.dat',363.52,0.227794852,0.255273096,0.241547146,0.24154056,0.310122661,0.327449423,0.281583611,0.300184827,0.22285,204.35345,10.35562002,,,0.241543098,0.99994547
'D0001409_GREY_BOT01_corr.dat',366.08,0.222208163,0.234565859,0.232344582,0.230365797,0.301228331,0.313387152,0.27461469,0.290961216,0.240104,220.175368,10.44669817,,,0.229705561,0.9829668
'D0001409_GREY_BOT02_corr.dat',368.64,0.219549431,0.214375811,0.214781792,0.215872206,0.294486154,0.299884067,0.267920778,0.282552944,0.257959,236.548403,10.50480648,,,0.216235794,1.010153697
'D0001409_GREY_BOT03_corr.dat',371.2,0.215709773,0.205446593,0.21644211,0.213510147,0.293047408,0.293632108,0.271736382,0.28253807,0.257753,236.359501,10.50827593,,,0.212533613,0.972907641
'D0001409_GREY_BOT04_corr.dat',373.76,0.207762714,0.20195845,0.216165058,0.21051282,0.294149516,0.29432768,0.270847906,0.282543252,0.264149,242.224633,10.41753423,,,0.208628066,0.947704423
'D0001409_GREY_BOT05_corr.dat',376.32,0.20376165,0.209597896,0.218296909,0.212488341,0.297226981,0.301586095,0.273854284,0.286630411,0.264049,242.132933,10.27038265,,,0.210552514,0.946782865
'D0001409_GREY_BOT06_corr.dat',378.88,0.208704286,0.220264116,0.219775517,0.217129859,0.298616647,0.304228044,0.278951595,0.29018697,0.257183,235.836811,10.23915029,,,0.216249617,0.975923998
'D0001409_GREY_BOT07_corr.dat',381.44,0.214922482,0.217919007,0.211138731,0.213779738,0.295643594,0.300594182,0.272710725,0.285414807,0.264989,242.994913,10.30095122,,,0.214659958,1.025016794
'D0001409_GREY_BOT08_corr.dat',384,0.221133729,0.213012846,0.215298693,0.21618599,0.302756813,0.305425984,0.275148014,0.289619706,0.256156,234.895052,10.27338933,,,0.216481017,1.008242479
'D0001409_GREY_BOT09_corr.dat',386.56,0.220324156,0.21459875,0.230329457,0.223895455,0.307836859,0.308460694,0.285220175,0.296684476,0.240491,220.530247,10.23995608,,,0.221750663,0.944132184
'D0001409_GREY_BOT10_corr.dat',389.12,0.235795731,0.23909509,0.248444036,0.242944723,0.317459975,0.319067076,0.292130442,0.305196984,0.228847,209.852699,10.10695441,,,0.241112352,0.955729967
'D0001409_GREY_BOT11_corr.dat',391.68,0.252654481,0.247431808,0.246251119,0.248147132,0.323382211,0.319372182,0.292324788,0.306850992,0.243387,223.185879,9.862936992,,,0.248779019,1.015399017
NaN,394.24,NaN,NaN,NaN,NaN,NaN,NaN,NaN,NaN,NaN,#VALUE!,#VALUE!,,,NaN,#VALUE!
NaN,396.8,NaN,NaN,NaN,NaN,NaN,NaN,NaN,NaN,NaN,#VALUE!,#VALUE!,,,NaN,#VALUE!
NaN,399.36,NaN,NaN,NaN,NaN,NaN,NaN,NaN,NaN,NaN,#VALUE!,#VALUE!,,,NaN,#VALUE!
NaN,401.92,NaN,NaN,NaN,NaN,NaN,NaN,NaN,NaN,NaN,#VALUE!,#VALUE!,,,NaN,#VALUE!
'D0001499_GREY_TOP00_corr.dat',404.48,0.227204609,0.235707451,0.238623184,0.235039607,0.297396122,0.29676748,0.276512385,0.286797093,0.240216,220.278072,10.59681591,,,0.233828308,0.969964551
'D0001499_GREY_TOP01_corr.dat',407.04,0.222164343,0.229570391,0.240005878,0.232936623,0.297858232,0.296264772,0.27537628,0.286218891,0.246074,225.649858,10.53635554,,,0.230579482,0.941090981
'D0001499_GREY_TOP02_corr.dat',409.6,0.211252284,0.211612752,0.225286956,0.218359737,0.284835496,0.283716978,0.2700836,0.277179918,0.273477,250.778409,10.48449692,,,0.216051956,0.938503152
'D0001499_GREY_TOP03_corr.dat',412.16,0.212789287,0.22383201,0.229556668,0.223933658,0.286270111,0.289453026,0.274441772,0.28115167,0.263246,241.396582,10.48194379,,,0.222058758,0.951009832
'D0001499_GREY_TOP04_corr.dat',414.72,0.225214916,0.229726143,0.238581205,0.233025867,0.29462529,0.297744908,0.275293326,0.285739213,0.243455,223.248235,10.59070602,,,0.231174255,0.953430217
'D0001499_GREY_TOP05_corr.dat',417.28,0.235234762,0.225221298,0.23484202,0.232535025,0.298653784,0.297695024,0.279903411,0.289038907,0.245961,225.546237,10.43512109,,,0.23176657,0.980352792
'D0001499_GREY_TOP06_corr.dat',419.84,0.233614642,0.227650914,0.24602823,0.238330504,0.303206133,0.299986516,0.281929352,0.291762838,0.231639,212.412963,10.53404888,,,0.235749707,0.937424043
'D0001499_GREY_TOP07_corr.dat',422.4,0.216830292,0.214261894,0.238900031,0.227223062,0.287016129,0.285474082,0.275046661,0.280645883,0.252264,231.326088,10.65735925,,,0.223331621,0.902243888
'D0001499_GREY_TOP08_corr.dat',424.96,0.195203838,0.195782619,0.216212607,0.205852918,0.27082434,0.269131465,0.264724613,0.267351258,0.286722,262.924074,10.67177325,,,0.202400444,0.904171277
'D0001499_GREY_TOP09_corr.dat',427.52,0.209636336,0.212430285,0.23093227,0.22098279,0.283618965,0.283109739,0.274533045,0.278948699,0.270001,247.590917,10.46786027,,,0.217667065,0.913832054
'D0001499_GREY_BOT00_corr.dat',430.08,0.228586652,0.216469233,0.237783703,0.230155823,0.301585008,0.296037103,0.277094703,0.287952879,0.254833,233.681861,10.35123527,,,0.227613523,0.935841858
'D0001499_GREY_BOT01_corr.dat',432.64,0.223162162,0.223053445,0.244495826,0.233801815,0.304100412,0.300742423,0.283931978,0.293176698,0.259188,237.675396,10.10737901,,,0.230237958,0.912521931
'D0001499_GREY_BOT02_corr.dat',435.2,0.246147154,0.247174086,0.263892514,0.255276567,0.314692327,0.311640893,0.292106871,0.302636741,0.247825,227.255525,9.941621738,,,0.252410394,0.934701087
'D0001499_GREY_BOT03_corr.dat',437.76,0.254373127,0.252479015,0.25940876,0.256417415,0.313124896,0.314012675,0.288953346,0.301261066,0.251569,230.688773,9.937308009,,,0.255418493,0.976937211
'D0001499_GREY_BOT04_corr.dat',440.32,0.243875145,0.247440284,0.239005088,0.242331401,0.308454689,0.308968909,0.285152704,0.296932252,0.245706,225.312402,10.16115961,,,0.243437372,1.027834664
'D0001499_GREY_BOT05_corr.dat',442.88,0.249096806,0.250295495,0.258775383,0.254235767,0.313985001,0.308774723,0.292962786,0.302171324,0.243514,223.302338,10.01400119,,,0.252723004,0.96491462
'D0001499_GREY_BOT06_corr.dat',445.44,0.24156881,0.24528672,0.261136887,0.252282326,0.312744324,0.312898765,0.291632403,0.302226974,0.255227,234.043159,9.857134737,,,0.249330222,0.932184526
'D0001499_GREY_BOT07_corr.dat',448,0.243350606,0.251896777,0.260250172,0.253936932,0.313322017,0.321721305,0.295143901,0.306332781,0.262979,241.151743,9.623795366,,,0.251834088,0.951483296
'D0001499_GREY_BOT08_corr.dat',450.56,0.256259464,0.262682184,0.281962254,0.270716539,0.317141447,0.323011978,0.300018671,0.310047692,0.260881,239.227877,9.535552361,,,0.266977845,0.920232478
'D0001499_GREY_BOT09_corr.dat',453.12,0.246939634,0.251016052,0.265759015,0.257368429,0.30956487,0.310531796,0.291372962,0.300710647,0.263071,241.236107,9.802499601,,,0.254567255,0.936855682
'D0001499_GREY_BOT10_corr.dat',455.68,0.244500773,0.240602459,0.244981917,0.243766767,0.30076062,0.298591301,0.284938896,0.292307428,0.282855,259.378035,9.813572031,,,0.243366662,0.990079673
'D0001499_GREY_BOT11_corr.dat',458.24,0.259265714,0.254450138,0.246634868,0.251746397,0.296845355,0.300685146,0.284642401,0.291703825,0.303866,278.645122,9.545764425,,,0.253453972,1.041450171
NaN,460.8,NaN,NaN,NaN,NaN,NaN,NaN,NaN,NaN,NaN,#VALUE!,#VALUE!,,,NaN,#VALUE!
NaN,463.36,NaN,NaN,NaN,NaN,NaN,NaN,NaN,NaN,NaN,#VALUE!,#VALUE!,,,NaN,#VALUE!
NaN,465.92,NaN,NaN,NaN,NaN,NaN,NaN,NaN,NaN,NaN,#VALUE!,#VALUE!,,,NaN,#VALUE!
NaN,468.48,NaN,NaN,NaN,NaN,NaN,NaN,NaN,NaN,NaN,#VALUE!,#VALUE!,,,NaN,#VALUE!
NaN,471.04,NaN,NaN,NaN,NaN,NaN,NaN,NaN,NaN,NaN,#VALUE!,#VALUE!,,,NaN,#VALUE!
'D0001498_GREY_TOP00_corr.dat',473.6,0.277947045,0.285549959,0.28287681,0.282312656,0.323194491,0.321574198,0.312386364,0.317385354,0.260062,238.476854,9.325420856,,,0.282147056,0.996011311
'D0001498_GREY_TOP01_corr.dat',476.16,0.26572245,0.274084236,0.266546372,0.268224857,0.329183362,0.333945918,0.308740446,0.320152543,0.263123,241.283791,9.20657376,,,0.268782751,1.012594323
'D0001498_GREY_TOP02_corr.dat',478.72,0.239481619,0.248536252,0.251350119,0.247679528,0.324149636,0.328501975,0.310594092,0.318459949,0.24933,228.63561,9.428752378,,,0.246459977,0.970792996
'D0001498_GREY_TOP03_corr.dat',481.28,0.220661043,0.230481967,0.256369573,0.240970539,0.311818479,0.313584503,0.310374523,0.311538007,0.257143,235.800131,9.53793096,,,0.235835842,0.879868474
'D0001498_GREY_TOP04_corr.dat',483.84,0.232954689,0.24379999,0.270458156,0.254417748,0.317198347,0.31769721,0.316884082,0.31716593,0.25897,237.47549,9.345644397,,,0.249078969,0.881383437
'D0001498_GREY_TOP05_corr.dat',486.4,0.261801029,0.259643767,0.287817316,0.274269857,0.340150213,0.336737436,0.320761157,0.329602491,0.250901,230.076217,9.090938582,,,0.269758733,0.90586071
'D0001498_GREY_TOP06_corr.dat',488.96,0.256514509,0.268734929,0.282398487,0.272511603,0.344250776,0.345727096,0.319218862,0.332103899,0.230479,211.349243,9.268436797,,,0.269215751,0.9299792
'D0001498_GREY_TOP07_corr.dat',491.52,0.247644422,0.26509284,0.290882887,0.273625759,0.33259164,0.340987096,0.322087189,0.329438278,0.237347,217.647199,9.260041109,,,0.267858419,0.881346556
'D0001498_GREY_TOP08_corr.dat',494.08,0.255600453,0.259272614,0.288830661,0.273133597,0.336714414,0.344707176,0.321461538,0.331086167,0.251113,230.270621,9.047638655,,,0.267909912,0.89130611
'D0001498_GREY_TOP09_corr.dat',496.64,0.260162311,0.26220606,0.276906999,0.269045592,0.33782011,0.342997902,0.321856005,0.331132506,0.250961,230.131237,9.048208647,,,0.266430715,0.943219878
'D0001498_GREY_TOP10_corr.dat',499.2,0.268995881,0.263570433,0.283190338,0.274736747,0.339846307,0.338560749,0.325655376,0.332429452,0.250905,230.079885,9.013581629,,,0.271914958,0.940297465
'D0001498_GREY_TOP11_corr.dat',501.76,0.268778034,0.266957922,0.281129097,0.274498537,0.337964945,0.33915386,0.323577107,0.331068255,0.241498,221.453666,9.164297569,,,0.272298991,0.952829077
'D0001498_GREY_BOT00_corr.dat',504.32,0.258837212,0.252017836,0.282037712,0.268732618,0.335094603,0.32974689,0.318224725,0.325322735,0.2595,237.9615,9.104804789,,,0.264305832,0.905650251
'D0001498_GREY_BOT01_corr.dat',506.88,0.268169714,0.264024902,0.301405986,0.283751647,0.342416496,0.342288752,0.333729199,0.338040911,0.242127,222.030459,8.967825781,,,0.27784773,0.882853427
'D0001498_GREY_BOT02_corr.dat',509.44,0.277525181,0.275244701,0.308314535,0.292349738,0.338754531,0.342897733,0.335295308,0.33806072,0.239678,219.784726,8.996277355,,,0.287046342,0.896438245
'D0001498_GREY_BOT03_corr.dat',512,0.266650624,0.274781602,0.323433346,0.297074729,0.333723301,0.34005238,0.331958036,0.334422938,0.251546,230.667682,8.952184974,,,0.288329311,0.837007428
'D0001498_GREY_BOT04_corr.dat',514.56,0.246660366,0.261411305,0.303181905,0.27860887,0.32901659,0.338570926,0.325702192,0.329747975,0.25995,238.37415,8.977158992,,,0.270444162,0.837899068
'D0001498_GREY_BOT05_corr.dat',517.12,0.225999866,0.238860338,0.26322009,0.247825096,0.310896118,0.319022201,0.304976293,0.309967726,0.28231,258.87827,9.261480336,,,0.242689335,0.88302569
'D0001498_GREY_BOT06_corr.dat',519.68,0.241693406,0.247289967,0.279564419,0.262028053,0.31239333,0.316808257,0.309317829,0.311959311,0.275301,252.451017,9.292224638,,,0.256183143,0.874545076
'D0001498_GREY_BOT07_corr.dat',522.24,0.250375303,0.260447862,0.293421293,0.274416438,0.32361765,0.329539519,0.318962248,0.322770416,0.258736,237.260912,9.186269404,,,0.268105871,0.870460286
NaN,524.8,NaN,NaN,NaN,NaN,NaN,NaN,NaN,NaN,NaN,#VALUE!,#VALUE!,,,NaN,#VALUE!
NaN,527.36,NaN,NaN,NaN,NaN,NaN,NaN,NaN,NaN,NaN,#VALUE!,#VALUE!,,,NaN,#VALUE!
NaN,529.92,NaN,NaN,NaN,NaN,NaN,NaN,NaN,NaN,NaN,#VALUE!,#VALUE!,,,NaN,#VALUE!
NaN,532.48,NaN,NaN,NaN,NaN,NaN,NaN,NaN,NaN,NaN,#VALUE!,#VALUE!,,,NaN,#VALUE!
NaN,535.04,NaN,NaN,NaN,NaN,NaN,NaN,NaN,NaN,NaN,#VALUE!,#VALUE!,,,NaN,#VALUE!
'D0001500_GREY_TOP00_corr.dat',537.6,0.245144766,0.241532974,0.244937497,0.244138183,0.305419801,0.297398878,0.295720753,0.298565046,0.343009,314.539253,8.801981451,,,0.243874617,0.99347333
'D0001500_GREY_TOP01_corr.dat',540.16,0.268255172,0.274658447,0.276196592,0.273826701,0.32942664,0.322904357,0.310674966,0.318420232,0.292941,268.626897,8.882086348,,,0.2730699,0.982839097
'D0001500_GREY_TOP02_corr.dat',542.72,0.273788063,0.291001995,0.273591015,0.277993022,0.348135441,0.348417079,0.322662116,0.335469188,0.26295,241.12515,8.788288481,,,0.279472152,1.032179469
'D0001500_GREY_TOP03_corr.dat',545.28,0.265017597,0.26631016,0.292473942,0.27906891,0.343218251,0.344923721,0.328268481,0.336169733,0.271595,249.052615,8.667109827,,,0.274600614,0.908333497
'D0001500_GREY_TOP04_corr.dat',547.84,0.273640151,0.259720706,0.288404996,0.277542713,0.341944564,0.341651376,0.327930212,0.334864091,0.274686,251.887062,8.663980643,,,0.273909568,0.924673401
'D0001500_GREY_TOP05_corr.dat',550.4,0.284996044,0.276337382,0.324144132,0.302405422,0.35784227,0.346849437,0.339008466,0.34567716,0.263783,241.889011,8.519128076,,,0.295166034,0.865870103
'D0001500_GREY_TOP06_corr.dat',552.96,0.297623826,0.300388616,0.33062693,0.314816576,0.380405405,0.366112717,0.362965616,0.368112339,0.230455,211.327235,8.362066895,,,0.309513632,0.904361362
'D0001500_GREY_TOP07_corr.dat',555.52,0.286502687,0.292102244,0.348672717,0.318987591,0.367381197,0.369280397,0.353982161,0.361156479,0.232762,213.442754,8.497568726,,,0.309168669,0.829724987
'D0001500_GREY_TOP08_corr.dat',558.08,0.253867075,0.269191177,0.316459771,0.288994449,0.338210646,0.346295603,0.340077085,0.341165104,0.263602,241.723034,8.63391936,,,0.279895037,0.826421396
'D0001500_GREY_BOT00_corr.dat',560.64,0.281789894,0.262090815,0.331904665,0.301922509,0.34965806,0.341932952,0.342663703,0.344229605,0.277342,254.322614,8.397395113,,,0.29192003,0.819332728
'D0001500_GREY_BOT01_corr.dat',563.2,0.271816241,0.267869117,0.314323814,0.292083246,0.341884095,0.342408591,0.340666497,0.34140642,0.278356,255.252452,8.454955239,,,0.284688214,0.858486272
'D0001500_GREY_BOT02_corr.dat',565.76,0.260571764,0.266267908,0.313312563,0.2883662,0.333448572,0.345266251,0.333936784,0.336647098,0.263077,241.241609,8.756029736,,,0.280054183,0.840757338
'D0001500_GREY_BOT03_corr.dat',568.32,0.267125454,0.256936988,0.317248847,0.289640034,0.339614827,0.33964377,0.338950502,0.3392899,0.274766,251.960422,8.55002167,,,0.280402519,0.825948537
'D0001500_GREY_BOT04_corr.dat',570.88,0.287133597,0.258813172,0.314252854,0.293613119,0.347139035,0.335052062,0.342936312,0.34201593,0.2789,255.7513,8.433525303,,,0.286744455,0.868642498
'D0001500_GREY_BOT05_corr.dat',573.44,0.3030036,0.269027251,0.327032087,0.306523756,0.353741666,0.341097206,0.3412142,0.344316818,0.274083,251.334111,8.433128588,,,0.29967967,0.874579092
'D0001500_GREY_BOT06_corr.dat',576,0.322697203,0.288868615,0.348951828,0.327367368,0.371191371,0.352163743,0.345038496,0.353358026,0.260634,239.001378,8.369596217,,,0.320193534,0.876289747
'D0001500_GREY_BOT07_corr.dat',578.56,0.310302878,0.298823235,0.327236938,0.315899997,0.364440056,0.356233456,0.352507503,0.35642213,0.262915,241.093055,8.27204529,,,0.312145389,0.930711118
NaN,581.12,NaN,NaN,NaN,NaN,NaN,NaN,NaN,NaN,NaN,#VALUE!,#VALUE!,,,NaN,#VALUE!
NaN,583.68,NaN,NaN,NaN,NaN,NaN,NaN,NaN,NaN,NaN,#VALUE!,#VALUE!,,,NaN,#VALUE!
NaN,586.24,NaN,NaN,NaN,NaN,NaN,NaN,NaN,NaN,NaN,#VALUE!,#VALUE!,,,NaN,#VALUE!
NaN,588.8,NaN,NaN,NaN,NaN,NaN,NaN,NaN,NaN,NaN,#VALUE!,#VALUE!,,,NaN,#VALUE!
NaN,591.36,NaN,NaN,NaN,NaN,NaN,NaN,NaN,NaN,NaN,#VALUE!,#VALUE!,,,NaN,#VALUE!
'D0001501_GREY_TOP00_corr.dat',593.92,0.262096849,0.26834212,0.309161155,0.28719032,0.329248444,0.328785434,0.328469388,0.328743163,0.333001,305.361917,8.115745962,,,0.279873409,0.857868074
'D0001501_GREY_TOP01_corr.dat',596.48,0.268303928,0.264457103,0.303690252,0.285035383,0.331040366,0.331166476,0.324855007,0.327979214,0.319245,292.747665,8.30241638,,,0.278836066,0.877145427
'D0001501_GREY_TOP02_corr.dat',599.04,0.27637265,0.273085673,0.308635301,0.291682231,0.33373895,0.337365964,0.33342032,0.334486388,0.298849,274.044533,8.384807565,,,0.286045947,0.890141732
'D0001501_GREY_TOP03_corr.dat',601.6,0.276500532,0.277646874,0.345010513,0.311042108,0.345940851,0.347714907,0.34987406,0.348350969,0.276446,253.500982,8.30833342,,,0.299697539,0.80308771
'D0001501_GREY_TOP04_corr.dat',604.16,0.280125718,0.27795488,0.343686943,0.311363621,0.346423182,0.345386785,0.354134969,0.350019977,0.280988,257.665996,8.216811018,,,0.300666917,0.811902531
'D0001501_GREY_TOP05_corr.dat',606.72,0.276595962,0.265224824,0.326211715,0.298561054,0.34322226,0.337738016,0.343774672,0.342127405,0.283005,259.515585,8.382783605,,,0.289425829,0.830474139
'D0001501_GREY_TOP06_corr.dat',609.28,0.25454094,0.264788782,0.330516467,0.295090664,0.341734626,0.340511198,0.3434565,0.342289706,0.286678,262.883726,8.335886097,,,0.283300615,0.785633659
'D0001501_GREY_TOP07_corr.dat',611.84,0.240548358,0.251018194,0.329041616,0.287412446,0.327780675,0.327178506,0.337912878,0.332696234,0.309508,283.818836,8.301771148,,,0.273507216,0.746967143
'D0001501_GREY_TOP08_corr.dat',614.4,0.223633202,0.220496275,0.297678731,0.259871735,0.309074467,0.302180844,0.32264607,0.314136863,0.343723,315.193991,8.356574187,,,0.247264686,0.745987923
'D0001501_GREY_TOP09_corr.dat',616.96,0.260876204,0.254458958,0.303098798,0.28038319,0.332024693,0.328312757,0.33934496,0.334756842,0.396754,363.823418,7.208169318,,,0.272791699,0.850110863
'D0001501_GREY_BOT00_corr.dat',619.52,0.288120379,0.267526316,0.34794698,0.312885164,0.354963672,0.349085407,0.34252062,0.34727258,0.294175,269.758475,8.129924917,,,0.30130293,0.798464604
'D0001501_GREY_BOT01_corr.dat',622.08,0.280686545,0.267779945,0.305115656,0.289674451,0.352304994,0.344002283,0.334695335,0.341424487,0.302327,277.233859,8.173672681,,,0.284510378,0.898784572
'D0001501_GREY_BOT02_corr.dat',624.64,0.262368277,0.26573934,0.301437066,0.282745437,0.338525031,0.342511942,0.334414603,0.337466545,0.294913,270.435221,8.357415115,,,0.276510352,0.875983208
'D0001501_GREY_BOT03_corr.dat',627.2,0.241980219,0.240981081,0.300963379,0.271222015,0.325056662,0.328121812,0.34019072,0.333389979,0.305737,280.360829,8.329740481,,,0.261302311,0.802358914
'D0001501_GREY_BOT04_corr.dat',629.76,0.238123501,0.229968378,0.288295667,0.261170803,0.322959628,0.31783177,0.330296239,0.325345969,0.313419,287.405223,8.441241816,,,0.252119777,0.811826073
'D0001501_GREY_BOT05_corr.dat',632.32,0.237975435,0.222221658,0.304902409,0.267500478,0.322298196,0.312195018,0.325388303,0.321317455,0.328528,301.260176,8.358985664,,,0.255069246,0.754662935
'D0001501_GREY_BOT06_corr.dat',634.88,0.239090129,0.229369106,0.291976829,0.263103223,0.322756962,0.318576774,0.327217501,0.323942184,0.330821,303.362857,8.26294361,,,0.253467347,0.802219883
'D0001501_GREY_BOT07_corr.dat',637.44,0.288906586,0.33553779,0.3366585,0.324440344,0.357837366,0.368598513,0.357270495,0.360244217,0.343561,315.045437,7.288822067,,,0.320440959,0.927415133
'D0001501_GREY_BOT08_corr.dat',640,0.331269829,0.397285051,0.487091645,0.425684542,0.394195015,0.403402542,0.401784473,0.400291626,0.343095,314.618115,6.564264231,,,0.409077829,0.747862221
'D0001501_GREY_BOT09_corr.dat',642.56,0.329278898,0.331152555,0.462004311,0.396110019,0.384290929,0.383369449,0.388790417,0.386310303,0.315169,289.009973,7.090993895,,,0.376560878,0.714745985
NaN,645.12,NaN,NaN,NaN,NaN,NaN,NaN,NaN,NaN,NaN,#VALUE!,#VALUE!,,,NaN,#VALUE!
NaN,647.68,NaN,NaN,NaN,NaN,NaN,NaN,NaN,NaN,NaN,#VALUE!,#VALUE!,,,NaN,#VALUE!
NaN,650.24,NaN,NaN,NaN,NaN,NaN,NaN,NaN,NaN,NaN,#VALUE!,#VALUE!,,,NaN,#VALUE!
NaN,652.8,NaN,NaN,NaN,NaN,NaN,NaN,NaN,NaN,NaN,#VALUE!,#VALUE!,,,NaN,#VALUE!
D0001502_GREY_TOP00_corr.dat',655.36,0.205213119,0.218378397,0.218750732,0.215273245,0.273964916,0.280574653,0.268825996,0.27304789,0.420234,385.354578,8.493250023,,,0.214114461,0.968205942
'D0001502_GREY_TOP01_corr.dat',657.92,0.257008405,0.267774954,0.287382412,0.274887046,0.308592532,0.316248949,0.309184596,0.310802668,0.343834,315.295778,8.444792363,,,0.270756236,0.913040147
'D0001502_GREY_TOP02_corr.dat',660.48,0.273789455,0.291656993,0.338547349,0.310635286,0.33190771,0.33927192,0.334543392,0.335066603,0.291266,267.090922,8.460813374,,,0.301421985,0.83510689
'D0001502_GREY_TOP03_corr.dat',663.04,0.253165178,0.277251981,0.321901288,0.293554934,0.328073134,0.335205733,0.332024246,0.33183184,0.295416,270.896472,8.493265746,,,0.284148622,0.823881698
'D0001502_GREY_TOP04_corr.dat',665.6,0.254616817,0.268460926,0.318194626,0.289866749,0.326677434,0.33269053,0.336512439,0.33309821,0.306024,280.624008,8.333590254,,,0.280386135,0.821946224
'D0001502_GREY_TOP05_corr.dat',668.16,0.247447649,0.258216998,0.303349702,0.278091013,0.320151246,0.324310928,0.323218563,0.322724825,0.315364,289.188788,8.485693663,,,0.269632021,0.833468178
'D0001502_GREY_TOP06_corr.dat',670.72,0.215439334,0.235540146,0.286520989,0.256005364,0.303213252,0.306787028,0.311541442,0.308270791,0.342364,313.947788,8.533224937,,,0.245830299,0.786992047
'D0001502_GREY_TOP07_corr.dat',673.28,0.215851974,0.230666671,0.308092052,0.265675687,0.3034113,0.307868072,0.326802859,0.316221272,0.346246,317.507582,8.269576496,,,0.251563505,0.724651354
'D0001502_GREY_TOP08_corr.dat',675.84,0.238651537,0.240457408,0.339381492,0.289467983,0.321334026,0.319508668,0.341664563,0.331042955,0.317098,290.778866,8.251521316,,,0.272908589,0.70585603
'D0001502_GREY_TOP09_corr.dat',678.4,0.236000464,0.224711806,0.319757235,0.275056685,0.312863566,0.308613999,0.330486085,0.320612434,0.334668,306.890556,8.300763536,,,0.260145642,0.720409453
'D0001502_GREY_TOP10_corr.dat',680.96,0.222166728,0.218458724,0.308310201,0.264311464,0.304336965,0.305738504,0.318958362,0.311998048,0.355237,325.752329,8.266244015,,,0.249633636,0.714581371
'D0001502_GREY_BOT00_corr.dat',683.52,0.250715603,0.236222842,0.316631661,0.280050442,0.317337672,0.320626027,0.299420715,0.309201282,0.339769,311.568173,8.541115934,,,0.26791515,0.768935177
'D0001502_GREY_BOT01_corr.dat',686.08,0.262806954,0.249795932,0.330821928,0.293561685,0.327398025,0.32570357,0.338210141,0.332380469,0.318654,292.205718,8.199591289,,,0.281142263,0.774741399
'D0001502_GREY_BOT02_corr.dat',688.64,0.268784264,0.248848374,0.345508222,0.30216227,0.334127514,0.322313282,0.341689962,0.33495518,0.313259,287.258503,8.200989757,,,0.287671955,0.749088742
'D0001502_GREY_BOT03_corr.dat',691.2,0.255051447,0.242087073,0.333914671,0.291241966,0.3281696,0.313659333,0.333972644,0.327443555,0.329628,302.268876,8.189161024,,,0.277025704,0.74440952
'D0001502_GREY_BOT04_corr.dat',693.76,0.241211975,0.253350503,0.292138268,0.269709754,0.320686714,0.316454811,0.320988351,0.319779557,0.332127,304.560459,8.35416756,,,0.262215064,0.846452745
'D0001502_GREY_BOT05_corr.dat',696.32,0.239512638,0.250876946,0.297924944,0.271559868,0.31628851,0.312371134,0.320682052,0.317505937,0.321562,294.872354,8.547090567,,,0.262762086,0.823008601
'D0001502_GREY_BOT06_corr.dat',698.88,0.240691493,0.237088332,0.295470571,0.267180242,0.307644897,0.302051353,0.315288664,0.310068394,0.320079,293.512443,8.771239024,,,0.257754021,0.808506618
'D0001502_GREY_BOT07_corr.dat',701.44,0.241543646,0.242681117,0.318466376,0.280289379,0.314930131,0.317961643,0.320623889,0.318534888,0.31658,290.30386,8.582042674,,,0.2675352,0.760244721
'D0001502_GREY_BOT08_corr.dat',704,0.250461283,0.246487415,0.322919996,0.285697173,0.325334432,0.330256995,0.332812811,0.330304262,0.318828,292.365276,8.249024643,,,0.273277316,0.769461017
'D0001502_GREY_BOT09_corr.dat',706.56,0.247443391,0.241563967,0.298614216,0.271558948,0.313774834,0.319069045,0.322554051,0.319487995,0.314472,288.370824,8.582832659,,,0.262520513,0.818794506
